{"cameraMode":{"drawMode":0,"name":"Shaded","section":"Shading Mode"},"sceneLighting":false,"audioPlay":false,"sceneViewState":{"m_AlwaysRefresh":false,"showFog":false,"showSkybox":false,"showFlares":false,"showImageEffects":false,"showParticleSystems":false,"showVisualEffectGraphs":true,"m_FxEnabled":true},"in2DMode":false,"pivot":{"x":0.007699401583522558,"y":0.11455291509628296,"z":-0.06098214164376259},"rotation":{"x":-0.018143685534596444,"y":-0.9815796613693237,"z":0.14685076475143434,"w":-0.1215946152806282},"size":0.15404829382896424,"orthographic":false}