{"cameraMode":{"drawMode":0,"name":"Shaded","section":"Shading Mode"},"sceneLighting":false,"audioPlay":false,"sceneViewState":{"m_AlwaysRefresh":false,"showFog":false,"showSkybox":false,"showFlares":false,"showImageEffects":false,"showParticleSystems":false,"showVisualEffectGraphs":true,"m_FxEnabled":true},"in2DMode":false,"pivot":{"x":0.00005829334259033203,"y":1.0265134572982789,"z":0.021292805671691896},"rotation":{"x":0.045871373265981677,"y":-0.9544655680656433,"z":0.19887393712997437,"w":0.21843725442886353},"size":1.707645058631897,"orthographic":false}