{"cameraMode":{"drawMode":0,"name":"Shaded","section":"Shading Mode"},"sceneLighting":true,"audioPlay":false,"sceneViewState":{"showFog":true,"showMaterialUpdate":false,"showSkybox":true,"showFlares":true,"showImageEffects":true,"showParticleSystems":true},"in2DMode":false,"pivot":{"x":-10.86968994140625,"y":-11.9510498046875,"z":117.18099975585938},"rotation":{"x":-0.36484983563423159,"y":-0.015440008603036404,"z":0.005975494161248207,"w":-0.930986225605011},"size":75.77082061767578,"orthographic":false}